I,149
A,38
E,23
B,22
OF,20
CHAPTER,15
THE,14
F,11
KNOWLEDGE,8
S,8
U,7
YOU,6
OR,6
AND,5
C,5
PROJECT,4
GUTENBERG,4
PHILOSOPHY,4
ON,4
PROBLEMS,3
IV,3
VI,3
D,3
THIS,3
LIMITED,3
FOR,3
ANY,3
START,2
EBOOK,2
MATTER,2
BY,2
IX,2
VII,2
OUR,2
IS,2
UNIVERSALS,2
I',2
XI,2
FULL,2
LICENSE,2
ASCII,2
WARRANTY,2
DAMAGES,2
AGREE,2
THAT,2
NO,2
BREACH,2
NOT,2
TO,2
WARRANTIES,2
PREFACE,1
G,1
J,1
M,1
APPEARANCE,1
REALITY,1
II,1
EXISTENCE,1
III,1
NATURE,1
IDEALISM,1
V,1
ACQUAINTANCE,1
DESCRIPTION,1
INDUCTION,1
GENERAL,1
PRINCIPLES,1
N,1
VIII,1
HOW,1
POSSIBLE,1
WORLD,1
X,1
INTUITIVE,1
XII,1
TRUTH,1
FALSEHOOD,1
C',1
XIII,1
ERROR,1
PROBABLE,1
OPINION,1
XIV,1
LIMITS,1
PHILOSOPHICAL,1
XV,1
VALUE,1
BIBLIOGRAPHICAL,1
NOTE,1
END,1
ANYTHING,1
PLEASE,1
READ,1
BEFORE,1
DISTRIBUTE,1
USE,1
WORK,1
PGLAF,1
DISCLAIMER,1
HAVE,1
REMEDIES,1
NEGLIGENCE,1
STRICT,1
LIABILITY,1
CONTRACT,1
EXCEPT,1
THOSE,1
PROVIDED,1
IN,1
PARAGRAPH,1
FOUNDATION,1
TRADEMARK,1
OWNER,1
DISTRIBUTOR,1
UNDER,1
AGREEMENT,1
WILL,1
BE,1
LIABLE,1
ACTUAL,1
DIRECT,1
INDIRECT,1
CONSEQUENTIAL,1
PUNITIVE,1
INCIDENTAL,1
EVEN,1
IF,1
GIVE,1
NOTICE,1
POSSIBILITY,1
SUCH,1
DAMAGE,1
RIGHT,1
REPLACEMENT,1
REFUND,1
AS,1
WITH,1
OTHER,1
KIND,1
EXPRESS,1
IMPLIED,1
INCLUDING,1
BUT,1
MERCHANTABILITY,1
FITNESS,1
PURPOSE,1
INDEMNITY,1
EIN,1
UT,1
IRS,1
SEND,1
DONATIONS,1
PG,1
