The,191
I,149
It,120
But,119
Thus,113
In,104
We,104
This,89
Project,85
Gutenberg,84
If,79
When,40
A,38
Hence,34
There,29
Cassio,28
Desdemona,25
What,24
Foundation,24
E,23
And,23
Self,22
B,22
For,21
All,21
Berkeley,21
OF,20
To,20
Kant,19
Othello,18
Such,17
United,15
States,15
CHAPTER,15
Bismarck,15
THE,14
Now,14
Our,14
Socrates,14
He,13
Literary,13
Archive,13
You,12
By,11
That,11
These,11
They,11
London,11
F,11
License,10
As,10
Philosophy,9
Suppose,9
Edinburgh,9
Here,8
Let,8
God,8
Leibniz,8
So,8
Similarly,8
German,8
KNOWLEDGE,8
Plato,8
S,8
Is,7
Before,7
One,7
On,7
Some,7
Jones,7
Hume,7
Desdemona's,7
Hegel,7
U,7
Section,7
Yet,6
His,6
Descartes,6
Brown,6
Robinson,6
Smith,6
Kant's,6
Prime,6
YOU,6
OR,6
Most,5
AND,5
Among,5
At,5
Berkeley's,5
Empire,5
Many,5
C,5
Charles,5
Take,5
Information,5
PROJECT,4
GUTENBERG,4
PHILOSOPHY,4
Whatever,4
Of,4
Knowledge,4
Chapter,4
Mr,4
Unionist,4
Moreover,4
Chancellor,4
Apart,4
Julius,4
Caesar,4
ON,4
Do,4
Absolute,4
Problems,3
Bertrand,3
Russell,3
PROBLEMS,3
Any,3
Hylas,3
Other,3
Since,3
Again,3
Assuming,3
According,3
IV,3
Nevertheless,3
VI,3
Nothing,3
How,3
Two,3
Plato's,3
Spinoza,3
Having,3
Another,3
D,3
Minister's,3
Minister,3
King,3
General,3
THIS,3
LIMITED,3
FOR,3
ANY,3
START,2
EBOOK,2
Professor,2
Although,2
With,2
Bishop,2
Dialogues,2
Philonous,2
MATTER,2
Common,2
Whether,2
Physical,2
Science,2
Its,2
God's,2
Then,2
French,2
Emperor,2
China,2
BY,2
My,2
Further,2
Every,2
IX,2
Germany,2
Solar,2
System,2
Why,2
Experience,2
Under,2
VII,2
OUR,2
Yes,2
Whenever,2
Everything,2
An,2
Also,2
IS,2
UNIVERSALS,2
I's,2
From,2
XI,2
Othello's,2
Balfour,2
Greek,2
Whole,2
Idea,2
Reality,2
Euclidean,2
Unless,2
Philosophic,2
Man,2
Terms,2
Use,2
FULL,2
LICENSE,2
See,2
Plain,2
Vanilla,2
ASCII,2
Royalty,2
WARRANTY,2
DAMAGES,2
Except,2
AGREE,2
THAT,2
NO,2
BREACH,2
NOT,2
TO,2
WARRANTIES,2
Donations,2
Title,1
Author,1
Release,1
June,1
December,1
Language,1
English,1
Produced,1
Gordon,1
Keener,1
PREFACE,1
G,1
Moore,1
J,1
M,1
Keynes,1
Gilbert,1
Murray,1
APPEARANCE,1
REALITY,1
Which,1
Similar,1
Opposition,1
Sceptics,1
Beyond,1
II,1
EXISTENCE,1
Granted,1
No,1
III,1
NATURE,1
Light,1
Times,1
Considered,1
Exactly,1
Idealists,1
IDEALISM,1
Those,1
Latin,1
Taking,1
Either,1
Acquaintance,1
V,1
ACQUAINTANCE,1
DESCRIPTION,1
Sense,1
Selves,1
Awareness,1
Bismarck's,1
England,1
Europe,1
Earth,1
Universe,1
Ides,1
March,1
Roman,1
INDUCTION,1
Because,1
Food,1
Things,1
Uneducated,1
Domestic,1
Unsupported,1
Have,1
Will,1
GENERAL,1
PRINCIPLES,1
Laws,1
Thought,1
British,1
Locke,1
Continental,1
Rationalists,1
Perhaps,1
Like,1
Cf,1
N,1
Whitehead,1
Home,1
University,1
Library,1
Neglecting,1
Swift,1
Struldbugs,1
VIII,1
HOW,1
POSSIBLE,1
Immanuel,1
Though,1
Seven,1
Years,1
War,1
Revolution,1
East,1
Prussia,1
Hume's,1
Kantian,1
Reflection,1
WORLD,1
Not,1
Pronouns,1
Seeing,1
Even,1
Speaking,1
Bradley,1
Both,1
Consider,1
Where,1
Nowhere,1
Nor,1
Indeed,1
X,1
Universals,1
Between,1
Returning,1
INTUITIVE,1
Almost,1
Few,1
Starting,1
Their,1
Only,1
First,1
Broadly,1
Going,1
George,1
Waterloo,1
Truths,1
Memories,1
Judgements,1
Degrees,1
After,1
XII,1
TRUTH,1
FALSEHOOD,1
Truth,1
York,1
C's,1
Instances,1
Wherever,1
Judging,1
XIII,1
ERROR,1
PROBABLE,1
OPINION,1
Sir,1
Henry,1
Campbell,1
Bannerman,1
Greeks,1
Obviously,1
Leaving,1
King's,1
Something,1
Or,1
Often,1
XIV,1
LIMITS,1
PHILOSOPHICAL,1
Hegel's,1
Just,1
Space,1
Georg,1
Cantor,1
Euclid's,1
Formerly,1
Instead,1
Principles,1
Philosophical,1
Against,1
XV,1
VALUE,1
Newton's,1
Has,1
Are,1
BIBLIOGRAPHICAL,1
NOTE,1
Books,1
Human,1
Future,1
End,1
Gutenberg's,1
END,1
Updated,1
Creating,1
Special,1
ANYTHING,1
Redistribution,1
PLEASE,1
READ,1
BEFORE,1
DISTRIBUTE,1
USE,1
WORK,1
Full,1
Redistributing,1
PGLAF,1
Nearly,1
Copyright,1
Additional,1
However,1
Contact,1
Despite,1
Defects,1
DISCLAIMER,1
Right,1
Replacement,1
Refund,1
HAVE,1
REMEDIES,1
NEGLIGENCE,1
STRICT,1
LIABILITY,1
CONTRACT,1
EXCEPT,1
THOSE,1
PROVIDED,1
IN,1
PARAGRAPH,1
FOUNDATION,1
TRADEMARK,1
OWNER,1
DISTRIBUTOR,1
UNDER,1
AGREEMENT,1
WILL,1
BE,1
LIABLE,1
ACTUAL,1
DIRECT,1
INDIRECT,1
CONSEQUENTIAL,1
PUNITIVE,1
INCIDENTAL,1
EVEN,1
IF,1
GIVE,1
NOTICE,1
POSSIBILITY,1
SUCH,1
DAMAGE,1
RIGHT,1
REPLACEMENT,1
REFUND,1
AS,1
WITH,1
OTHER,1
KIND,1
EXPRESS,1
IMPLIED,1
INCLUDING,1
BUT,1
MERCHANTABILITY,1
FITNESS,1
PURPOSE,1
INDEMNITY,1
Defect,1
Mission,1
Volunteers,1
Sections,1
Mississippi,1
Internal,1
Revenue,1
Service,1
EIN,1
Contributions,1
North,1
West,1
Salt,1
Lake,1
City,1
UT,1
Email,1
IRS,1
Compliance,1
SEND,1
DONATIONS,1
While,1
International,1
Please,1
About,1
Michael,1
Hart,1
PG,1
