Word,Frequency
the,2729
project,89
gutenberg,97
ebook,13
of,1883
problems,15
philosophy,85
this,412
is,1325
for,267
use,29
anyone,5
anywhere,3
in,965
united,18
states,25
and,1036
most,44
other,160
parts,27
world,80
at,169
no,161
cost,3
with,334
almost,17
restrictions,2
whatsoever,2
you,86
may,172
copy,12
it,705
give,22
away,7
or,355
re,4
under,15
terms,56
license,18
included,10
online,4
www,9
org,9
if,278
are,493
not,468
located,7
will,148
have,320
to,1269
check,4
laws,33
country,4
where,43
before,40
using,8
title,1
author,1
bertrand,3
russell,3
release,1
date,3
june,1
1,60
2004,1
5827,1
recently,1
updated,2
december,1
5,7
2019,1
language,3
english,1
start,9
produced,4
by,343
gordon,1
keener,1
preface,1
following,12
pages,2
i,166
confined,6
myself,3
main,7
those,52
regard,25
which,589
thought,46
possible,57
say,61
something,78
positive,4
constructive,1
since,42
merely,32
negative,2
criticism,8
seemed,6
out,21
place,16
reason,53
theory,22
knowledge,306
occupies,2
a,846
larger,1
space,74
than,85
metaphysics,4
present,31
volume,1
some,156
topics,1
much,32
discussed,2
philosophers,37
treated,1
very,63
briefly,5
all,231
derived,17
valuable,4
assistance,3
from,230
unpublished,1
writings,2
g,4
e,44
moore,1
j,1
m,1
keynes,1
former,4
as,548
regards,16
relations,44
sense,234
data,138
physical,101
objects,95
latter,4
probability,18
induction,15
also,51
profited,1
greatly,2
criticisms,1
suggestions,1
professor,2
gilbert,1
murray,1
1912,1
chapter,47
appearance,15
reality,16
there,264
any,206
so,145
certain,91
that,969
reasonable,7
man,52
could,57
doubt,38
question,59
first,58
sight,16
might,37
seem,43
difficult,23
really,50
one,156
can,219
be,657
asked,4
when,155
we,959
realized,1
obstacles,1
way,54
straightforward,1
confident,2
answer,27
shall,67
well,19
launched,1
on,124
study,12
attempt,16
such,196
ultimate,7
questions,27
carelessly,1
dogmatically,2
do,78
ordinary,7
life,32
even,47
sciences,5
but,304
critically,2
after,9
exploring,1
makes,21
puzzling,1
realizing,2
vagueness,1
confusion,8
underlie,1
our,343
ideas,37
daily,8
assume,10
many,62
things,167
closer,1
scrutiny,3
found,31
full,15
apparent,13
contradictions,5
only,110
great,28
amount,4
enables,6
us,152
know,162
what,254
believe,47
search,4
certainty,32
natural,14
begin,18
experiences,15
them,85
statement,14
immediate,21
make,53
likely,5
wrong,6
seems,43
me,14
am,33
now,45
sitting,4
chair,2
table,93
shape,24
see,98
sheets,1
paper,2
writing,5
print,4
turning,1
my,60
head,5
window,1
buildings,1
clouds,1
sun,31
about,90
ninety,1
three,13
million,1
miles,1
earth,7
hot,1
globe,1
times,11
bigger,1
owing,5
earth's,2
rotation,2
rises,2
every,17
morning,2
continue,6
an,141
indefinite,2
time,67
future,26
normal,4
person,33
comes,9
into,30
room,15
he,97
same,93
chairs,2
tables,2
books,4
papers,1
feel,15
pressing,1
against,14
arm,3
evident,37
hardly,6
worth,5
stating,2
except,26
who,65
doubts,2
whether,44
anything,40
yet,31
reasonably,2
doubted,5
requires,5
careful,1
discussion,4
sure,12
stated,8
form,36
wholly,17
true,130
difficulties,7
plain,17
let,16
concentrate,1
attention,5
eye,9
oblong,2
brown,14
shiny,1
touch,15
smooth,2
cool,1
hard,9
tap,1
gives,18
wooden,1
sound,8
else,20
sees,10
feels,2
hears,2
agree,12
description,45
difficulty,14
would,86
arise,9
soon,14
try,6
more,97
precise,7
troubles,1
although,28
colour,58
over,10
reflect,5
light,23
look,18
brighter,1
white,16
because,58
reflected,3
move,2
different,77
distribution,8
colours,12
change,5
follows,22
several,9
people,38
looking,5
moment,14
two,149
exactly,6
point,34
view,52
practical,7
purposes,2
these,73
differences,2
unimportant,1
painter,3
they,147
important,27
has,139
unlearn,1
habit,6
thinking,11
common,36
says,12
learn,7
seeing,23
appear,16
here,18
already,14
beginning,4
distinctions,2
cause,17
trouble,1
distinction,7
between,76
wants,1
philosopher,10
want,5
philosopher's,1
wish,11
stronger,2
man's,11
troubled,1
answering,3
return,8
pre,1
eminently,1
appears,17
_the_,2
particular,74
part,31
points,14
regarding,4
its,101
others,15
given,33
artificial,1
blind,13
wearing,1
blue,9
spectacles,1
while,22
dark,3
though,51
hearing,4
unchanged,1
inherent,1
depending,1
upon,66
spectator,3
falls,1
speak,9
mean,25
sort,42
usual,3
conditions,4
just,28
good,18
right,15
considered,14
real,53
therefore,71
avoid,5
favouritism,1
compelled,5
deny,12
itself,49
thing,73
applies,17
texture,1
naked,3
grain,1
otherwise,9
looks,5
looked,1
through,22
microscope,4
should,51
roughnesses,2
hills,1
valleys,1
sorts,5
imperceptible,2
naturally,9
tempted,1
turn,6
changed,1
still,23
powerful,2
then,32
cannot,89
trust,2
why,12
thus,146
again,15
confidence,3
senses,22
began,6
deserts,1
better,6
judging,11
shapes,5
unreflectingly,1
come,22
think,31
actually,10
fact,108
draw,9
rectangular,3
had,22
acute,1
angles,3
obtuse,1
opposite,10
sides,2
parallel,2
converged,1
equal,1
length,1
nearer,5
side,3
were,70
longer,5
commonly,10
noticed,2
experience,80
taught,1
construct,1
interests,5
men,36
inferred,10
constantly,6
changing,2
truth,89
similar,17
consider,33
always,26
sensation,19
hardness,6
resists,2
pressure,1
obtain,8
depends,12
how,24
press,3
body,25
various,19
sensations,20
due,9
pressures,1
supposed,22
reveal,4
_directly_,1
definite,19
property,19
_signs_,1
perhaps,12
_causes_,1
obviously,16
sounds,7
elicited,4
rapping,1
becomes,19
immediately,23
_immediately_,3
known,89
must,169
inference,15
hence,45
once,10
namely,22
2,12
object,105
help,8
considering,12
few,4
simple,6
meaning,11
clear,14
name,18
smells,1
hardnesses,1
being,64
aware,24
whenever,7
_of_,3
datum,23
awareness,3
means,36
smoothness,3
etc,6
associate,2
reasons,19
been,76
directly,12
properties,16
problem,17
arises,4
relation,94
supposing,9
exists,33
call,28
collection,14
called,49
matter,46
nature,58
brought,4
prominently,4
forward,2
existing,9
independently,10
was,92
bishop,2
berkeley,21
1685,1
1753,1
his,55
_three,2
dialogues,2
hylas,3
philonous,2
opposition,3
sceptics,1
atheists_,1
undertake,1
prove,26
consists,21
nothing,34
minds,50
their,57
hitherto,8
believed,13
match,1
mercilessly,1
drives,1
him,26
paradoxes,1
own,23
denial,3
end,11
arguments,16
employed,4
value,21
confused,1
quibbling,1
retains,2
merit,2
having,14
shown,8
existence,55
capable,16
denied,5
without,46
absurdity,3
exist,54
involved,19
ask,12
keep,5
opposed,14
mind,85
occupying,1
radically,6
incapable,8
consciousness,8
chiefly,2
denies,1
does,73
take,23
signs,7
_something_,1
independent,19
non,5
mental,35
neither,9
nor,18
entertained,2
admits,2
continues,6
go,11
shut,5
eyes,6
believing,23
persists,3
thinks,2
altogether,5
_our_,1
led,14
idea,31
god,8
required,11
permanence,1
independence,1
ourselves,29
quite,32
unknowable,3
infer,5
never,39
held,17
depend,13
seen,28
apprehended,10
_some_,5
necessarily,6
often,25
whole,41
collective,1
universe,31
hold,11
rate,10
thoughts,19
feelings,10
state,12
argument,26
support,8
whatever,40
inconceivable,2
opinion,14
fallacious,6
course,18
advance,4
put,5
shortly,1
crudely,1
valid,10
widely,4
advanced,3
another,26
majority,1
idealists,5
explaining,3
either,29
like,40
leibniz,8
1646,1
1716,1
less,47
rudimentary,2
nevertheless,9
admit,14
remembered,9
both,24
colony,1
souls,2
affirmative,1
diverge,1
views,5
mortals,2
second,14
agreed,5
however,38
occurrence,4
sign,4
differing,3
completely,10
regarded,12
causing,1
suitable,2
_is_,8
vitally,2
accepting,4
further,17
next,19
concerned,16
farther,1
discovered,7
far,27
appeared,5
tell,8
apart,10
behind,2
knowing,14
finding,6
bewildering,1
strangest,1
hypotheses,7
familiar,6
roused,1
slightest,4
become,36
surprising,3
possibilities,7
beyond,14
modest,2
result,19
complete,6
liberty,1
conjecture,1
tells,8
community,1
sober,1
science,31
scarcely,6
wonderful,1
vast,1
electric,1
charges,2
violent,1
motion,18
among,22
suggests,2
_answer_,1
least,28
power,10
_asking_,1
increase,1
interest,7
show,15
strangeness,1
wonder,3
lying,1
below,4
surface,2
commonest,2
ii,1
intrinsic,9
product,6
imagination,7
dream,9
prolonged,1
greatest,4
importance,18
people's,8
bodies,8
grounds,11
observing,1
left,9
alone,11
desert,1
outer,8
uncomfortable,1
possibility,9
strictly,7
proved,18
false,27
suppose,35
case,67
embark,1
doubtful,9
matters,6
find,39
fixed,1
doubting,5
made,19
experienced,10
psychological,5
calling,2
absolutely,3
descartes,6
1596,1
1650,1
founder,2
modern,6
invented,1
method,7
used,16
profit,2
systematic,2
determined,3
did,13
clearly,3
distinctly,1
bring,3
himself,9
until,10
saw,12
applying,2
gradually,4
became,1
convinced,2
_quite_,1
imagined,2
deceitful,1
demon,3
presented,1
unreal,2
perpetual,1
phantasmagoria,1
improbable,3
existed,5
concerning,38
perceived,8
deceive,1
absolute,15
said,29
_cogito,1
ergo,1
sum_,1
basis,8
set,14
work,50
build,1
up,20
laid,2
ruins,2
inventing,1
showing,6
subjective,3
performed,6
service,2
useful,11
students,4
subject,25
care,6
needed,3
rather,17
day,9
yesterday,4
self,84
arrive,7
convincing,1
belongs,9
_i_,1
involves,8
somebody,1
involve,15
permanent,7
whom,6
goes,8
momentary,1
primitive,1
dreams,12
hallucinations,2
perceptions,6
ghost,3
certainly,9
corresponds,5
limited,9
allow,2
exceptional,2
cases,39
solid,1
pursuit,2
granted,6
enumerated,1
connected,11
unhesitatingly,2
answers,11
bought,2
sold,1
pushed,1
cloth,3
_mere_,1
hides,1
derive,7
ceased,4
suspended,1
empty,3
air,5
resting,1
miracle,1
formerly,8
plainly,4
absurd,5
whoever,1
wishes,5
frightened,1
absurdities,1
felt,2
secure,3
addition,8
ten,1
round,6
dinner,1
preposterous,2
maintain,1
tablecloth,1
knives,1
forks,1
spoons,1
glasses,1
private,21
each,15
separate,6
slightly,4
differently,4
public,9
neutral,4
above,21
occurs,4
variations,1
follow,7
perspective,1
reflection,10
easy,7
underlying,2
occupant,1
buy,2
_his_,2
died,4
went,3
expectation,2
underlies,1
causes,6
considerations,2
besides,4
beg,1
issue,2
represented,6
voices,1
trying,1
appeal,4
testimony,5
unless,18
purely,6
characteristics,9
tend,2
admitted,6
logical,23
results,11
hypothesis,5
everything,18
mere,18
fancy,1
complicated,3
waking,5
delusion,1
corresponded,1
assumed,4
door,2
banging,1
instance,34
naval,2
engagement,1
corresponding,12
actual,28
battle,3
correspond,8
impossibility,5
supposition,4
create,3
logically,11
impossible,15
viewed,2
accounting,1
facts,19
whose,7
action,4
simplicity,2
easily,7
cat,5
moved,1
passing,2
series,2
intermediate,2
positions,4
ever,17
suddenly,2
sprang,1
new,10
understand,21
gets,2
hungry,2
meal,2
odd,1
appetite,1
grow,1
during,3
fast,1
hunger,3
behaviour,1
represent,1
expression,2
utterly,2
inexplicable,1
movements,1
changes,1
patches,3
triangle,7
playing,1
football,1
compared,1
human,15
beings,6
hear,10
noises,1
simultaneously,5
motions,6
lips,1
expressions,1
face,1
emitted,1
happen,8
mistaken,4
suggested,4
accounted,4
scientific,8
principles,50
principle,54
urges,1
adopt,6
dependent,9
perceiving,3
originally,1
belief,99
external,2
ready,2
_instinctive_,1
instinctively,3
whereas,12
shows,3
identical,5
discovery,2
paradoxical,1
taste,4
smell,2
leaves,4
undiminished,1
instinctive,11
_are_,1
_corresponding_,2
lead,3
contrary,14
tends,2
simplify,1
systematize,1
account,18
rejecting,4
slight,4
continuing,1
perceive,12
conclusion,17
doubtless,1
strong,4
typical,1
philosophical,12
general,72
character,5
validity,7
built,2
beliefs,50
rejected,4
association,10
entangled,1
falsely,4
hierarchy,2
strongly,2
presenting,2
isolated,2
free,13
irrelevant,5
additions,2
finally,3
forth,9
clash,1
harmonious,3
system,13
clashes,1
harmonize,2
worthy,2
acceptance,1
_possible_,1
ought,9
element,3
_reason_,1
reject,6
ground,10
organizing,1
consequences,1
necessary,24
modify,1
abandon,2
sole,3
orderly,1
organization,2
_possibility_,1
error,16
remains,9
likelihood,2
diminished,1
interrelation,1
critical,6
preceded,2
acquiescence,1
function,2
perform,3
rightly,3
wrongly,3
attainable,1
spoken,4
suffices,2
begun,1
adequacy,1
justify,3
arduous,1
labours,2
iii,1
preceding,9
able,13
demonstrative,1
rational,2
example,43
associated,23
noise,4
appearances,1
ceases,5
remove,2
contact,7
cease,4
rap,2
knuckles,2
continuously,1
reappear,1
open,5
replace,3
perception,12
somewhat,6
incomplete,9
hypothetical,3
deserving,1
respect,4
unconsciously,2
drifted,1
phenomena,9
reduced,2
heat,2
wave,10
travel,3
emitting,1
aether,1
gross,3
assigns,1
position,8
according,15
_may_,1
assist,1
sometimes,10
misleading,6
_not_,2
describe,6
convey,2
described,10
acquire,5
sea,1
voyage,1
_light_,2
caused,5
waves,6
nerves,2
brain,2
meant,9
remarks,1
apply,9
kinds,11
absent,3
_space_,1
get,7
essential,7
_a_,5
infancy,1
touching,3
circular,4
coin,1
_judge_,1
_look_,1
oval,1
straight,7
front,1
judge,12
intrinsically,4
concerns,3
anybody's,1
_apparent_,1
percipient,2
_private_,1
spaces,11
_connected_,1
manner,5
connexion,19
investigation,2
provisionally,1
_causing_,1
notice,5
containing,3
organs,3
close,2
occupied,3
roughly,2
speaking,9
opaque,1
similarly,10
sufficiently,1
near,3
touches,1
tongue,1
relatively,3
circumstances,6
mainly,2
relative,4
determine,3
situated,1
vaguer,1
embracing,1
road,5
house,3
bear,2
reached,2
sooner,5
walk,1
along,6
ordnance,1
map,2
spatial,3
houses,2
dealt,6
geometry,5
physics,1
astronomy,2
assuming,6
_only_,2
order,37
correspondence,10
arrangement,3
moon,2
line,7
eclipse,1
visual,2
_relations_,4
distances,5
themselves,9
distance,3
greater,16
acquaintance,78
born,4
kind,45
preserve,3
_feeling_,1
duration,2
lapse,1
notoriously,2
unsafe,1
guide,1
elapsed,1
clock,1
bored,1
suffering,1
pain,2
pass,10
slowly,1
agreeably,1
quickly,1
sleeping,1
constituted,6
necessity,7
distinguishing,3
_order_,2
need,8
events,4
orders,1
usually,10
regiment,2
marching,1
arranged,2
preservation,1
saying,3
guard,2
misunderstanding,1
constitute,6
thunder,3
lightning,5
simultaneous,2
disturbance,3
begins,2
travelled,2
takes,2
eight,4
minutes,4
sun's,1
reach,7
ago,6
afford,3
evidence,42
within,13
last,18
difference,11
affords,2
fresh,8
illustration,6
counterparts,1
red,19
presume,2
similarity,2
hope,10
acquainted,71
quality,11
direct,9
familiarity,2
holds,5
closely,2
knowable,1
remain,12
unknown,3
discovering,5
ultimately,5
defensible,1
_exactly_,1
luck,2
medium,8
shades,5
definitely,3
refuted,2
groundless,1
strike,1
modified,2
intervening,2
direction,6
alters,1
perfectly,6
alter,2
ray,2
reaches,3
simply,6
provided,11
gratuitous,1
justification,3
making,5
enabling,2
explained,3
contended,1
favour,8
iv,3
idealism,6
word,38
doctrine,4
forms,5
advocated,6
interesting,9
briefest,1
survey,4
unaccustomed,1
speculation,3
inclined,2
dismiss,1
material,5
generally,17
contents,3
long,19
activity,1
dismissed,2
differ,5
_correspondence_,1
catalogue,1
catalogued,1
legitimately,1
strikes,1
strange,5
_must_,6
unattainable,1
believes,18
attained,3
offers,3
objection,4
satisfy,2
serious,1
establish,4
largely,6
smelling,1
tasting,1
contention,1
argue,5
assure,1
concluded,1
voice,1
term,1
remembering,2
imagining,2
calls,5
proceeds,1
tree,22
argues,1
latin,1
schoolmen,1
_esse_,1
_percipi_,1
fully,6
continued,1
god's,2
consist,4
partial,3
participation,2
fallacies,1
history,3
engendered,1
essentially,8
somebody's,1
told,3
entirely,6
notion,3
ambiguous,6
bearing,2
business,6
arrange,1
clean,1
imply,2
afterwards,2
arguing,1
too,5
committed,2
competent,1
attendant,2
rendered,3
deeply,1
taking,6
disentangle,2
detail,3
treating,1
seeks,2
purpose,5
dependence,1
useless,3
done,5
previous,11
concern,4
berkeley's,5
distinct,3
hand,7
act,19
apprehending,2
undoubtedly,4
placed,3
plausibility,1
confusing,1
apprehension,3
probably,8
readily,2
assent,2
forgetting,1
taken,8
acts,4
transfer,1
proposition,61
unconscious,1
equivocation,1
apprehend,3
analysis,8
fallacy,1
rests,4
acquiring,2
bound,3
faculty,1
characteristic,6
constitutes,5
mind's,2
unduly,3
limiting,1
uttering,2
tautology,2
_in_,1
_before_,1
_in,3
sense_,3
realize,5
substance,2
truism,4
relevant,2
whence,1
implied,6
obscure,1
composed,6
chimaera,1
stage,4
raises,6
requiring,2
considerable,3
preliminary,3
_practical_,1
_theoretical_,1
persons,1
desirous,1
contains,4
suspect,2
desire,10
satisfying,1
thwarting,1
applicable,12
_true_,6
convictions,3
_judgements_,1
_that_,1
_truths_,3
_things_,2
_acquaintance_,5
_savoir_,1
_connaître_,1
french,2
_wissen_,1
_kennen_,1
german,8
truly,7
palpable,1
falsehood,28
honour,1
emperor,2
china,2
retort,1
nobody,1
demands,3
elucidation,1
conversely,2
happens,5
judgement,40
_description_,3
virtue,5
deal,6
subjects,3
chapters,5
v,1
truths,49
exclusively,6
distinguish,7
simpler,3
rash,2
source,8
intermediary,1
process,9
presence,1
conscious,3
shade,5
statements,6
theoretically,6
obtained,12
describes,1
connecting,1
foundation,27
supply,3
obvious,10
striking,1
restricted,1
past,36
abstract,10
universals,59
tolerably,1
adequate,2
extension,3
_memory_,2
remember,3
heard,4
spite,11
memory,23
_introspection_,1
food,9
desiring,1
feeling,5
pleasure,2
unable,3
imagine,6
animals,6
_doubt_,1
_self_,2
bare,2
selves,2
positively,1
represents,2
representing,1
adduced,1
_probably_,3
occur,7
wise,1
assert,7
sum,3
introspection,2
inner,2
desires,5
probable,20
towards,3
_universals_,1
_whiteness_,3
_diversity_,1
_brotherhood_,1
sentence,8
contain,10
stands,6
universal,30
verbs,7
later,8
ix,2
existent,1
_conceiving_,1
_concept_,1
phrase,9
singular,2
iron,5
mask,5
descriptions,9
discussing,4
sequel,1
propositions,30
candidate,7
votes,3
elected,1
candidates,2
descriptive,1
possibly,4
mr,4
unionist,4
constituency,4
words,14
proper,5
names,3
correctly,2
expressed,2
explicitly,1
moreover,6
express,5
vary,2
constant,5
illustrations,1
bismarck,15
oneself,1
designate,1
constituent,4
standing,2
knew,4
bismarck's,1
af,1
chance,1
friend's,2
accidental,1
knows,3
entity,6
vague,4
mass,2
historical,2
identify,2
sake,4
chancellor,4
empire,5
meanings,1
recall,2
travels,1
germany,2
reference,6
mention,1
dates,1
_logically_,2
lived,3
involving,6
judgements,23
astute,4
diplomatist,4
assured,1
read,6
information,9
particulars,26
concepts,2
places,4
london,11
england,1
europe,1
solar,2
logic,30
_intend_,1
defeated,1
b,26
_describe_,1
affirm,2
describing,1
asserting,3
communicate,1
varying,1
employ,2
correct,4
stages,1
removal,1
longest,1
progressively,1
removed,4
third,3
deducible,2
wore,1
fourth,1
definition,16
region,2
reducible,1
fundamental,7
_every,1
constituents,9
acquainted_,1
objections,5
urged,3
meet,3
conceivable,1
entertain,3
attach,2
significantly,1
utter,2
julius,4
caesar,4
assassinated,1
ides,1
march,1
roman,1
_julius,2
caesar_,2
instead,6
chief,6
limits,5
narrow,6
range,1
vital,2
understood,6
mysterious,3
vi,3
discussions,2
supplies,2
inferences,5
individual,6
drawn,1
earlier,4
extend,1
sphere,2
exceedingly,1
effected,1
none,3
rise,10
morrow,11
outcome,1
justified,4
test,8
ascertain,2
suffice,4
actions,2
based,14
risen,2
firm,2
challenged,2
heretofore,1
freely,5
rotating,1
rotate,1
interferes,1
outside,15
interfere,2
operation,5
raised,5
sunrise,3
operated,1
fulfilment,1
countless,1
_any_,1
number,21
law,53
fulfilled,5
expecting,4
bread,2
eat,2
poison,2
expectations,12
control,2
lives,2
observed,6
_probable_,2
seek,6
proof,10
_likely_,1
dealing,7
hopeless,1
confusions,1
frequent,2
repetition,1
uniform,2
succession,2
coexistence,3
_cause_,2
occasion,2
severe,1
shock,1
unusual,1
tactile,1
expect,6
horrors,1
stories,1
fails,3
uneducated,1
abroad,1
surprised,1
incredulous,1
native,1
horse,2
driven,5
drive,1
domestic,2
feeds,1
crude,4
uniformity,4
liable,5
fed,1
chicken,4
throughout,2
wrings,1
neck,3
refined,1
misleadingness,1
happened,6
instincts,1
unexpectedly,1
wrung,2
uniformities,3
giving,11
weight,1
discuss,1
exceptions,9
disappoint,1
habitually,1
assumes,3
working,1
rules,3
replaced,1
unsupported,1
fall,4
rule,4
balloons,2
aeroplanes,2
gravitation,6
falsified,1
came,3
large,5
destroyed,1
infringed,1
event,3
extends,1
remarkably,1
successful,3
conceded,2
brings,2
back,5
argued,2
resemble,6
futures,6
begs,1
answered,2
starts,1
enable,5
geology,1
theories,3
origin,1
occurring,2
practically,3
together,17
_prove_,1
demonstratively,1
examine,8
oftener,1
enough,6
_almost_,1
repetitions,2
failure,4
advocating,1
reign,3
observation,3
fit,3
practice,1
unexamined,2
examining,3
_principle,1
induction_,1
dissociated,1
sufficient,5
nearly,6
approach,5
limit,3
verification,1
single,17
_always_,2
increased,3
repeat,1
noted,4
_might_,1
gravely,1
swans,4
disproved,3
black,2
render,2
variable,1
species,1
peculiarly,1
proving,2
estimated,1
fail,2
fulfil,2
class,5
inductive,19
_disproved_,1
equally,10
_proved_,1
conceivably,1
confirm,2
examined,5
unexperienced,1
begging,1
accept,3
forgo,1
unsound,1
nourishing,2
stone,1
throw,1
off,4
roof,1
best,6
friend,1
approaching,1
inhabited,1
worst,1
enemy,2
total,2
stranger,1
conduct,1
associations,2
worked,1
mankind,2
innumerable,4
instances,22
confute,1
concrete,3
applications,3
firmly,4
rooted,1
debated,1
scope,8
degree,20
vii,2
stand,7
drawing,2
apt,5
overlooked,2
obviousness,2
assumption,2
assented,1
application,1
particularity,2
generality,1
affirmed,2
teaching,2
arithmetic,11
four,43
learnt,1
pair,3
couples,7
month,1
_if_,4
15th,3
16th,2
yes,2
dined,1
jones,7
your,10
diary,1
premisses,15
implies,3
demonstrations,2
consequently,1
asks,1
appealing,2
trivial,4
indubitable,5
singled,2
tradition,2
_the,4
identity_,1
contradiction_,1
3,13
excluded,2
middle_,1
samples,1
premiss,6
accordance,6
behave,1
_truly_,2
_certainly_,1
historic,1
controversies,2
controversy,2
schools,2
respectively,2
empiricists,8
rationalists,9
british,1
locke,1
hume,7
maintained,7
continental,1
seventeenth,1
century,1
especially,3
innate,4
decide,3
opposing,2
presupposes,3
connexions,3
exemplify,1
babies,1
deduced,18
_a,56
priori_,56
objectionable,1
writers,1
admitting,1
directs,1
_exist_,3
reading,4
consideration,7
deduce,5
exemplified,3
repeatedly,1
_empirical_,1
partly,6
asserts,7
empirical,15
ethical,4
virtuous,1
require,6
desirability,1
secures,1
gone,1
happiness,1
desirable,1
misery,1
ignorance,1
goodwill,1
hatred,1
indeed,3
fairly,4
bad,3
ethics,2
deducing,1
established,2
pure,11
mathematics,7
strenuously,2
geography,1
repeated,2
proceed,7
persuading,1
abstractly,1
coins,1
specified,3
divest,1
_typical_,1
examination,4
unnecessary,3
cf,1
n,1
whitehead,1
_introduction,1
mathematics_,1
home,1
university,1
library,2
_all_,5
triangles,5
share,5
growing,1
attested,1
generalizations,6
conform,3
clearer,2
genuinely,1
generalization,5
mortal,19
living,4
age,4
physiological,1
organism,2
wear,1
neglecting,1
men's,1
mortality,1
content,2
dying,3
carefully,2
persuade,2
forced,4
worlds,4
five,3
swift,1
invites,1
race,2
struldbugs,1
die,1
acquiesce,1
level,1
upset,1
fabric,1
reduce,1
mathematical,4
inferring,1
utility,3
_deduction_,1
_induction_,1
old,4
debate,1
deduction,5
_new_,1
robinson,6
smith,6
contained,2
newness,1
stock,2
socrates,14
c,7
foolish,1
roundabout,1
illustrates,2
mode,1
preferable,1
warrants,1
uncertain,1
occupy,5
particularly,2
infinite,9
kant,19
1724,1
1804,1
historically,1
viii,1
immanuel,1
seven,1
years,3
war,2
revolution,1
interrupted,1
königsberg,1
east,1
prussia,1
distinctive,2
contribution,1
invention,1
inquired,1
inquiry,4
metaphysical,4
deserves,1
credit,2
analytic,6
contradictory,5
secondly,2
illustrated,1
examples,2
bald,3
plane,1
figure,2
poet,2
asserted,2
enunciated,1
orator,1
preparing,1
piece,10
sophistry,1
predicate,3
analysing,2
contradiction,19
attempted,2
baldness,1
contradict,1
sufficed,1
1711,1
76,1
previously,1
notably,2
effect,8
synthetic,3
educated,1
rationalist,1
perturbed,1
hume's,1
scepticism,4
endeavoured,2
7,5
12,3
pointed,1
adding,1
solution,3
sceptical,1
inadequate,2
gain,1
enumeration,1
apparently,2
inhabitants,1
hundred,1
anticipating,1
kant's,6
merest,1
outline,2
exponents,1
elements,1
distinguished,4
resulting,2
interaction,2
agreement,19
apportions,1
shares,2
considers,2
comparison,3
causality,2
phenomenon,2
joint,1
tries,1
reconcile,1
contentions,1
_definition_,2
inconsistency,1
categories,1
minor,1
criticized,1
fatal,1
contributed,1
occurred,2
destroys,1
universality,2
anxious,2
vindicate,1
arithmetical,3
formally,1
inconsistent,2
kantian,1
imposed,2
assertion,6
failing,1
special,7
doctrines,2
named,4
erroneous,11
intended,1
beech,10
_thought_,3
outward,1
_this_,1
subsequent,1
_think_,4
_be_,1
save,1
emphatically,1
constitution,2
entities,8
properly,2
speech,1
substantives,5
qualities,6
denotes,4
produces,3
judges,5
earwig,3
develop,2
plato,8
plato's,3
solve,1
attempts,4
modifications,1
arose,1
_justice_,2
justice,4
partake,2
essence,7
admixture,1
multiplicity,1
whiteness,16
participate,2
fleeting,2
changeable,1
eternally,1
immutable,1
indestructible,1
supra,1
sensible,3
unchangeable,2
pale,2
belong,3
succeed,3
mysticism,1
mystic,1
illumination,1
heaven,1
mystical,1
developments,1
acquired,2
applied,1
_particular_,1
_universal_,1
shared,2
broadly,4
adjectives,5
prepositions,6
pronouns,2
context,2
nearest,1
dictionary,1
anybody,3
realizes,2
dwell,3
charles,5
i's,2
cut,2
cutting,1
insubstantial,1
demand,4
avoiding,1
forces,1
recognized,2
omission,1
spinoza,3
nouns,1
neglect,2
attributing,1
expressing,2
interact,1
bradley,1
_monism_,1
nowadays,1
_monadism_,1
_monad_,1
philosophies,2
undue,1
_qualities_,2
followed,1
took,1
image,8
processes,1
beginner,1
finds,4
unlike,2
reasoning,10
emerges,1
_triangularity_,1
choose,3
patch,10
resemblance,10
chosen,1
pairs,4
resemblances,1
invent,2
unplausible,1
admission,2
triangularity,1
failed,2
refutation,2
rejection,1
adversaries,1
ignored,2
deductions,3
touched,2
edinburgh,9
north,11
subsists,2
coming,1
south,1
decided,3
presupposed,1
relates,6
apprehends,1
met,3
nowhere,1
nowhen,1
peculiar,1
ambiguity,3
strict,4
_object_,2
guarded,1
rob,1
twice,1
convenient,1
_existing_,1
excluding,1
_subsist_,1
_have,1
being_,1
timeless,1
rigid,1
exact,1
delightful,1
mathematician,3
logician,1
builder,1
systems,2
love,11
perfection,1
sharp,1
boundaries,2
plan,2
harm,1
temperaments,1
prefer,4
contemplation,13
shadow,1
claim,5
impartial,1
metaphysician,2
solves,1
x,1
divided,1
sweet,1
sour,1
loud,1
learning,3
effort,4
abstraction,4
easiest,1
complex,33
glance,1
page,5
successively,1
chime,3
bells,2
bell,1
retain,1
ones,1
sources,3
abstracted,1
green,6
greens,1
_resemblance_,1
_similarity_,1
returning,1
unsolved,1
satisfactory,2
revert,1
endeavour,3
_all,1
deals,3
universals_,1
solving,1
untrue,3
formed,3
twos,2
interpret,1
infinitely,3
numerous,1
_implies_,1
_as,1
couples_,1
couple,3
reflecting,1
anticipate,1
_no_,1
serve,1
contrast,1
genuine,2
_understand_,1
_man_,3
_mortal_,2
_meaning_,2
_evidence_,1
physiology,1
govern,2
_mortality_,1
_men_,1
subsumed,1
wider,2
extensive,1
progress,1
producing,1
subsumptions,1
_degree_,1
_kind_,1
arrived,1
subsequently,1
perpendiculars,3
numbers,2
multiplied,3
_product_,1
integers,6
100,3
recorded,1
multiplication,1
finite,3
products,1
undeniable,1
early,1
derivative,15
_intuitive_,2
_self,2
evident_,2
_derivative_,2
intuitive,21
_error_,3
mark,2
xi,2
impression,1
highly,4
unreasonable,2
forgotten,1
consciously,2
going,2
insistent,1
discoverable,4
starting,2
luminously,1
poisonous,1
regress,1
leads,2
constructing,1
demonstration,2
rest,6
disputable,1
pursue,1
rose,4
pink,1
practised,1
abstractions,1
grasp,1
getting,1
brightness,1
surrounded,1
coalesce,1
_existence_,2
_round_,1
differs,2
analyses,1
recombines,1
analogous,1
danger,1
accompanied,1
noticing,1
extent,7
compare,1
wide,3
accurate,1
throws,1
trustworthiness,5
trustworthy,2
proportion,2
vividness,2
nearness,1
struck,1
half,3
minute,2
reliable,1
flash,1
vivid,2
recent,2
backward,1
ate,1
breakfast,3
indifferent,2
conversation,1
continual,2
gradation,5
degrees,8
reaching,2
perfect,3
george,1
waterloo,1
gradations,1
ranging,1
down,4
faintness,1
highest,6
high,1
memories,2
diminishing,2
remoter,1
fainter,1
aesthetic,1
conflict,1
retained,1
notions,1
combined,2
infallible,3
guarantee,6
presumption,1
suggestion,1
xii,1
confine,1
deceptive,1
dualism,2
incompatible,1
opinions,3
_mean_,2
asking,3
hoped,1
produce,4
observe,1
discover,5
requisites,3
adequately,1
condition,2
constructed,1
correlative,1
falsehoods,2
lies,1
scaffold,1
centuries,1
bed,1
arriving,1
prevents,2
internal,2
irrefutable,1
_coherence_,2
cohere,1
rounded,1
_one_,1
coherent,8
novelist,1
uncommon,1
rival,1
coherence,8
incoherent,2
subjected,2
skeleton,1
framework,1
accepted,4
_test_,1
_correspondence,1
fact_,1
constituting,1
define,2
precisely,1
subsist,4
allows,1
allowing,1
othello,18
desdemona,25
loves,18
cassio,28
desdemona's,7
smallest,1
york,1
_jealousy_,1
promote,1
c's,1
marriage,1
d,3
indefinitely,1
_judging_,1
_believing_,1
duly,1
allowed,1
objective,1
refutable,1
avoided,1
easier,2
severally,2
loving,7
_each_,1
knits,1
entertaining,1
knitting,2
_act_,1
distinguishes,1
definitions,1
_subject_,1
remaining,3
_objects_,3
_constituents_,1
metaphorically,1
puts,1
indicate,2
inflected,1
indicated,1
inflections,1
nominative,1
accusative,1
othello's,2
host,1
aspect,2
spoke,1
unites,1
wherever,2
union,6
uniting,1
creates,1
unity,12
consisting,3
brick,1
structure,1
cement,3
binds,1
_false_,2
_falsely_,1
_corresponds_,1
definiteness,1
extrinsic,1
ensures,2
absence,2
entails,1
_truth_,1
restate,1
_object,2
terms_,1
relation_,1
related,5
_fact,1
belief_,1
_create_,1
created,4
catching,1
trains,1
_fact_,2
ways,6
xiii,1
inquire,1
_know_,5
attack,1
defined,1
achieved,4
accord,1
late,6
prime,6
minister's,3
minister,3
sir,1
henry,1
campbell,1
bannerman,1
balfour,2
newspaper,3
intelligent,1
anticipation,1
announces,2
telegram,1
received,6
fortune,1
announce,2
turns,2
readers,1
greeks,1
greek,2
validly,4
_known_,2
conclusions,2
amend,1
intuitively,1
formal,1
defect,4
leaving,2
grown,2
newspapers,1
death,2
king,3
dead,2
announcement,1
amply,1
news,1
child,1
letters,4
painfully,1
realization,1
accustomed,2
passes,1
printed,3
_could_,1
reader,2
king's,1
passage,1
obtaining,3
runs,1
renders,2
conception,5
merges,1
sought,4
criterion,1
infected,1
mitigate,1
infallibility,1
_knowledge_,2
fulfils,1
_perception_,1
widest,4
hour,2
sunset,1
setting,2
weather,1
fine,1
west,2
judged,2
combine,1
relate,1
privacy,2
_absolutely_,1
shining,3
thence,1
analyse,1
commit,1
inclination,1
trotting,1
hoofs,1
listen,2
intently,1
upstairs,1
heartbeats,1
comparing,1
altered,1
becoming,1
greeny,1
tuning,1
musical,1
instrument,1
continuous,1
higher,1
trusted,1
lower,2
axioms,3
step,1
small,7
errors,2
noteworthy,1
opposites,1
psychologically,1
hesitatingly,1
_probable,1
opinion_,1
_criterion_,1
individually,2
mutually,1
isolation,1
introduce,1
pretty,1
night,2
days,5
condemns,1
confirms,1
increases,2
transform,1
xiv,1
profess,1
dogmas,1
religion,1
rationality,1
illusoriness,1
unreality,2
evil,5
theses,1
inspiration,1
vain,1
proposed,1
proofs,2
surviving,1
representative,1
hegel,7
1770,1
1831,1
hegel's,1
commentators,2
interpretation,2
type,1
thesis,1
short,1
fragmentary,3
complement,1
supplied,1
comparative,1
anatomist,1
bone,1
animal,1
outlines,1
hooks,2
grapple,1
reconstructed,1
incompleteness,3
forget,1
antithesis,3
escape,4
synthesis,2
original,2
started,1
advances,1
development,1
surveys,1
spiritual,3
piecemeal,2
striving,1
struggling,1
disappear,1
eternal,1
unchanging,1
undeniably,1
sublime,1
yield,1
unwarrantable,1
assumptions,1
tenet,1
subsistent,1
hatreds,1
hates,1
fragment,1
connects,1
usage,1
thing's,3
toothache,1
dentist,1
_seems_,1
relational,1
characters,2
remote,1
disappointing,1
hopes,3
harmony,1
temper,1
borne,1
ambitious,1
metaphysicians,2
proceeded,1
features,1
tendency,2
illusory,1
little,3
afforded,1
divisible,2
backwards,1
forwards,1
halved,2
halves,1
_ad,1
infinitum_,1
elapse,1
moments,2
divisibility,1
tending,1
collections,3
instants,1
emerged,1
emphasized,1
declared,1
mathematicians,3
georg,1
cantor,1
mistake,1
obstinate,1
prejudices,7
inoperative,1
constructions,1
dried,1
euclid's,1
loosen,1
live,1
euclidean,2
measure,3
reversed,1
showed,1
presents,1
partially,1
decides,1
enormously,1
walls,1
nook,1
cranny,1
explored,1
directions,1
prescribe,1
broken,1
bar,1
liberator,1
alternatives,1
closed,1
unreflective,1
task,1
deciding,1
decision,1
choice,1
descend,1
combination,1
wisdom,2
examines,1
searches,1
inconsistencies,1
accepts,1
disengaged,1
revealed,1
bolder,1
seldom,1
possess,1
_criticism_,1
impose,1
limitation,4
attitude,1
sceptic,1
placing,1
circle,4
demanding,1
disputants,1
blank,1
employs,1
destructive,1
_logical_,1
methodical,2
consisted,1
pausing,1
calmly,2
thoroughly,1
abstain,1
melt,1
bid,1
advocates,1
aimed,1
determines,1
merits,1
completed,1
risk,3
fallible,1
justly,1
diminishes,1
negligible,1
mistakes,1
prudent,1
advocate,1
xv,1
brief,1
review,1
studied,2
influence,1
affairs,1
innocent,1
trifling,1
hair,1
splitting,1
ends,2
goods,6
strives,1
achieve,1
inventions,1
ignorant,1
recommended,2
primarily,3
student,2
indirectly,2
effects,2
recognizes,1
needs,1
oblivious,1
providing,5
poverty,1
disease,1
lowest,1
society,1
persuaded,1
waste,1
studies,1
aims,3
success,1
provide,8
mineralogist,1
historian,1
ascertained,1
willing,1
candid,1
confess,1
heavens,1
newton's,1
separated,1
psychology,1
uncertainty,3
residue,1
profoundest,1
insoluble,1
intellect,5
powers,1
fortuitous,1
concourse,1
atoms,1
growth,2
transitory,1
accident,1
planet,1
variously,1
demonstrably,1
approaches,1
alive,2
speculative,1
killed,1
confining,1
ascertainable,2
religious,2
methods,2
limitations,1
unwise,1
pronounce,1
investigations,1
astray,1
renounce,1
include,3
tincture,1
imprisoned,1
habitual,1
nation,1
co,1
consent,1
deliberate,1
rouse,1
unfamiliar,2
contemptuously,1
philosophize,1
opening,1
everyday,1
suggest,1
enlarge,3
tyranny,1
custom,1
removes,1
arrogant,1
dogmatism,1
liberating,1
keeps,1
unsuspected,1
greatness,5
contemplates,3
freedom,4
personal,4
family,1
friends,2
hinder,1
feverish,1
philosophic,8
calm,1
midst,1
lay,1
garrison,1
beleagured,1
fortress,1
surrender,1
inevitable,1
peace,1
strife,2
insistence,2
powerlessness,1
prison,2
divide,1
hostile,2
camps,1
foes,1
helpful,1
impartially,1
unalloyed,2
aim,1
akin,1
acquisition,1
enlargement,4
operative,1
adapts,1
alien,1
obstacle,1
elsewhere,1
sets,1
bounds,1
enlarged,1
infinity,2
achieves,1
soul,1
fostered,1
assimilate,1
impaired,1
dominion,1
force,1
conformity,1
widespread,2
robbing,1
fetters,1
habits,1
impenetrable,1
veil,1
fear,1
satisfaction,1
magnifies,1
contemplated,1
thereby,1
contemplating,1
distorts,1
impairs,1
barrier,1
_here_,1
_now_,1
fears,2
trammels,1
customary,1
traditional,1
dispassionately,1
exclusive,2
impersonal,1
contemplative,1
attain,1
accidents,1
enter,1
distort,1
impartiality,3
emotion,2
infinitesimal,1
fragments,1
unaffected,1
deeds,1
admirable,1
enlarges,1
affections,1
citizens,1
walled,1
city,2
citizenship,1
liberation,1
thraldom,1
enrich,1
intellectual,3
diminish,1
dogmatic,1
assurance,1
closes,1
bibliographical,1
note,1
elementary,1
profitable,1
works,33
handbooks,1
specially,1
_republic_,1
_meditations_,1
_ethics_,1
monadology_,1
philonous_,1
_enquiry,1
understanding_,1
_prolegomena,1
metaphysic_,1
gutenberg's,1
editions,4
renamed,1
creating,4
protected,5
u,7
s,14
copyright,20
owns,2
distribute,6
permission,6
paying,3
royalties,3
copying,4
distributing,7
electronic,27
protect,2
concept,2
trademark,14
registered,2
charge,6
including,9
copies,7
complying,3
creation,1
reports,1
performances,1
research,2
ebooks,7
redistribution,2
commercial,1
please,3
mission,4
promoting,2
comply,6
available,2
file,1
section,7
redistributing,2
abide,1
destroy,2
possession,1
paid,6
fee,8
access,10
refund,10
paragraph,11
8,4
lot,1
literary,13
archive,13
pglaf,1
compilation,1
domain,2
unprotected,1
prevent,1
performing,3
displaying,4
references,2
sharing,1
compliance,5
keeping,2
format,4
attached,1
countries,1
downloading,1
representations,1
status,4
active,2
links,3
accessed,1
displayed,1
copied,2
distributed,4
texts,1
indicating,1
posted,4
holder,4
fees,4
appearing,1
requirements,4
paragraphs,3
9,3
additional,3
linked,1
4,5
unlink,1
detach,1
files,1
display,1
redistribute,1
6,2
convert,1
binary,1
compressed,1
marked,2
nonproprietary,1
proprietary,1
processing,1
hypertext,1
vanilla,2
ascii,2
official,3
version,1
website,4
expense,1
user,3
exporting,1
request,1
alternate,1
viewing,1
pay,1
royalty,3
20,1
profits,1
calculated,1
calculate,1
taxes,1
owed,1
owner,4
donate,5
payments,3
60,1
prepare,2
legally,1
periodic,1
tax,6
returns,1
sent,1
address,1
donations,15
money,3
notifies,1
mail,1
30,1
receipt,2
possessed,1
discontinue,1
f,11
replacement,5
reported,1
90,2
group,1
manager,1
volunteers,5
employees,1
expend,1
transcribe,1
proofread,1
despite,1
efforts,3
stored,1
defects,1
inaccurate,1
corrupt,1
transcription,1
infringement,1
defective,3
damaged,1
disk,1
computer,2
virus,1
codes,1
damage,2
equipment,3
warranty,2
disclaimer,3
damages,4
party,1
disclaim,1
liability,3
costs,2
expenses,2
legal,2
remedies,1
negligence,1
breach,2
contract,1
distributor,1
indirect,1
consequential,1
punitive,1
incidental,1
receiving,1
receive,2
sending,1
written,3
explanation,2
elect,1
lieu,2
electronically,2
opportunity,1
opportunities,1
fix,1
warranties,3
merchantability,1
fitness,1
disclaimers,1
exclusion,1
types,1
violates,1
interpreted,1
maximum,1
permitted,2
invalidity,1
unenforceability,1
provision,1
void,1
provisions,1
indemnity,1
indemnify,1
agent,1
employee,1
production,1
promotion,1
harmless,1
alteration,1
modification,1
deletions,1
synonymous,1
formats,1
readable,2
variety,1
computers,2
obsolete,1
middle,1
aged,1
hundreds,1
walks,1
financial,1
goals,1
ensuring,1
generations,2
2001,1
sections,1
501,1
educational,1
corporation,1
organized,1
mississippi,1
exempt,2
revenue,1
ein,1
federal,2
identification,1
64,1
6221541,1
contributions,2
deductible,1
office,1
809,1
1500,1
salt,1
lake,1
ut,1
84116,1
801,1
596,1
1887,1
email,2
survive,1
carry,1
increasing,1
licensed,1
machine,1
accessible,1
array,1
outdated,1
000,1
maintaining,1
irs,1
regulating,1
charities,1
charitable,1
50,1
paperwork,1
solicit,2
locations,1
confirmation,1
send,1
visit,2
solicitation,1
prohibition,1
unsolicited,1
donors,1
international,1
gratefully,1
treatment,1
swamp,1
staff,1
web,1
current,1
donation,1
addresses,1
checks,1
card,1
michael,1
hart,1
originator,1
forty,1
loose,1
network,1
volunteer,1
confirmed,1
edition,1
pg,1
facility,1
includes,1
subscribe,1
newsletter,1
